Batch,ID,Name,Primary Domain,Blurring Line Angle,Location,Outreach Priority,Contact Method
SPORTS & CORPORATE LEADERS,1,Shital Mahajan Rane,Adventure Sports + Disability Advocacy,"Skydiver (70% vision impaired, 2,137+ skydives) + girls empowerment",National,Tier 1,TEDx organizer networks; Padma Shri awardee
SPORTS & CORPORATE LEADERS,2,Sumit Antil,Para-Athletics + Sports Innovation,"Javelin (F64, Paris 2024 gold) + sports tech for differently-abled",Haryana,Tier 1,IOS Sports Management; Paralympic networks
SPORTS & CORPORATE LEADERS,3,Nitesh Kumar,Para-Badminton + Entrepreneurship,"Para-badminton champion (Paris 2024, Jhajjar native) + startup builder","Jhajjar, Haryana",Tier 1,LinkedIn; Local Haryana networks; DIRECT PROXIMITY
SPORTS & CORPORATE LEADERS,4,Harvinder Singh,Archery + Social Impact,First Indian Paralympic archery gold (Paris 2024) + grassroots programs,"Kaithal, Haryana",Tier 1,Kaithal networks; State government
SPORTS & CORPORATE LEADERS,5,Navdeep Singh,Para-Javelin + Youth Mentorship,Gold medalist (Paris 2024) + coaching next generation,"Sonipat, Haryana",Tier 1,Sonipat-based; State networks
SPORTS & CORPORATE LEADERS,6,Dharambir,Disability Overcoming + Business Resilience,"Gold medalist (Paris 2024, Asian record) + adaptive sports equipment consulting","Sonipat, Haryana",Tier 1,State networks; Para-sports ecosystem
SPORTS & CORPORATE LEADERS,7,Pranav Soorma,Para-Athletics + Tech Integration,Silver medalist (Paris 2024) + AI motion analysis for para-athletes,Haryana,Tier 2,Para-athlete networks; Tech integration
SPORTS & CORPORATE LEADERS,8,Akshdeep Singh,Cricket + Sports Management + Entrepreneurship,IIM Rohtak MBA + Chronicles Sporting Events + MMA promotion (Devils Octagon),Haryana/NCR,Tier 1,IIM Rohtak network; Delhi NCR startup ecosystem
SPORTS & CORPORATE LEADERS,9,Kapil Dev,Cricket + Business Diversification,Legend + entrepreneur; athlete-to-businessman pioneer,National,Tier 2,Celebrity networks; Social media
SPORTS & CORPORATE LEADERS,10,Saina Nehwal,Badminton + Brand Building,Olympic medalist + brand partnerships + sports academy,National,Tier 2,Celebrity networks; Brand circles
SPORTS & CORPORATE LEADERS,11,Gagan Narang,Shooting + Social Impact + Entrepreneurship,Olympic bronze (2012) + Narang Sports Foundation,National,Tier 2,LinkedIn; Foundation networks
SPORTS & CORPORATE LEADERS,12,Abhinav Bindra,Shooting + Sports Entrepreneurship + Advocacy,Olympic gold (2008) + ventures + grassroots advocacy,National,Tier 2,LinkedIn; Corporate networks
SPORTS & CORPORATE LEADERS,13,Parikshit Khanna,Sports Analytics + AI + Life Skills Coaching,"62,000+ trained students; Indian Army + Haryana Govt + IIT Delhi trainer",Delhi NCR,Tier 1,Direct contact: +91 80762 50669
SPORTS & CORPORATE LEADERS,14,Author Sherry,Public Speaking for Athletes + Communication Coaching,"8x TEDx speaker; trained 240,000+; MS Talks India (750K+ followers)",Delhi,Tier 1,Direct contact: +91 85888 46633
SPORTS & CORPORATE LEADERS,15,Janet Vidhi,National Squash Champion + Youth Motivation,Former champion → life coaching + emotional intelligence,Delhi,Tier 2,Social media; Coaching platforms
SPORTS & CORPORATE LEADERS,16,Rohit Nandwani,Panipat-based Sports Tech Founder (Hammer Lifestyle),Declined Shark Tank investment; ₹60 crore FY24 revenue; 10 lakh customers,"Panipat, Haryana",Tier 1,LinkedIn active; Panipat-based
SPORTS & CORPORATE LEADERS,17,Dr. Nancy Juneja,Life Skills + Youth Psychology + NITI Aayog Fellow,3x TEDx speaker; 12 books; 2 patents; RevUp LifeSkills founder,Delhi,Tier 1,NITI Aayog connection; Direct contact available
SPORTS & CORPORATE LEADERS,18,Vivek Bindra,Business Coaching + Sports Motivation Synergy,Bada Business founder; ₹100-500 Cr revenue; 10M+ YouTube subscribers,Delhi,Tier 2,YouTube; Multiple platforms
SPORTS & CORPORATE LEADERS,19,Ankur Warikoo,Entrepreneur + Life Coaching + Sports Psychology,AbdullaBhai co-founder; 800K+ LinkedIn followers,Delhi NCR,Tier 1,LinkedIn; Josh Talks circuit
SPORTS & CORPORATE LEADERS,20,Pradeep Chopra,Digital Marketing + Sports Sponsorship Strategy,Digital Vidya co-founder; IIT Delhi; ₹50M+ revenue,Delhi NCR,Tier 2,IIT Delhi networks; LinkedIn
SPORTS & CORPORATE LEADERS,21,Rohit Bhardwaj,Mahabharat Actor + Life Coach + Sports Mindset Training,Actor (Yudhishthira) → life coaching + sports psychology,Delhi,Tier 2,Social media; Entertainment networks
SPORTS & CORPORATE LEADERS,22,Vivek Atray,Ex-IAS Officer + Author + Sports Administration,"Ex-IAS; ""Finding Success Within"" author; keynote speaker",Delhi,Tier 2,IAS networks; Speaking bureaus
SPORTS & CORPORATE LEADERS,23,Captain Akhilesh Saxena,Pilot + Extraordinary Feat + Resilience Coaching,Landed plane with zero visibility; crisis management + performance coaching,Aviation networks,Tier 2,Aviation + corporate training
SPORTS & CORPORATE LEADERS,24,Manish Narwal,Para-Shooting + Youth Coaching,Paris 2024 medalist (Faridabad) + grassroots coaching,"Faridabad, Haryana",Tier 1,Faridabad networks; State sports
SPORTS & CORPORATE LEADERS,25,Akshita Khanna,HR + Emotional Intelligence + Sports Leadership Dynamics,15+ years HR/TA; TEDx speaker; collaborates with Parikshit Khanna,Delhi NCR,Tier 2,IIT Delhi networks; Parikshit Khanna connection
SPORTS & CORPORATE LEADERS,26,Anand Munshi,Futurist + Performance Optimization + Sports Psychology,Thought leader; future trends + athlete adaptability,National,Tier 2,LinkedIn; Multi-city networks
SPORTS & CORPORATE LEADERS,27,Tuheena Raj,Brand Marketer + Writer + Podcast Host + Sports Sponsorship,"2x TEDx speaker; ""Words of Worth"" podcast; 800K+ reach",Delhi,Tier 1,LinkedIn; Podcast platform
SPORTS & CORPORATE LEADERS,28,Anusree Raha,Civil Servant + TEDx Speaker + Policy + Sports Administration,"Civil servant + TEDx speaker; LSR, DSE alumna; policy advocacy",Delhi,Tier 2,TEDx networks; Civil service
SPORTS & CORPORATE LEADERS,29,Bhavesh Manglani,Delhivery Founder + Logistics for Sports Events,₹19B+ logistics company; sports event logistics expertise,Gurgaon,Tier 2,LinkedIn; Corporate networks
SPORTS & CORPORATE LEADERS,30,Kavin Bharti Mittal,Tech Founder + Sports Innovation Investment,Hike Messenger founder ($1.4B valuation); sports tech investments,Delhi,Tier 2,LinkedIn; Tech ecosystem
SPORTS & CORPORATE LEADERS,31,Ashneer Grover,Fintech Founder + Sports Business Model Innovation,BharatPe co-founder ($2.85B); Shark Tank India personality,Delhi,Tier 2,LinkedIn; Shark Tank networks
SPORTS & CORPORATE LEADERS,32,Rohit Bhardwaj (Sports Management),Sports Coach + Theater Arts Fusion,Sports coach + classical theater background,Delhi,Tier 3,Internal coaching networks
SPORTS & CORPORATE LEADERS,33,Manan Kathuria,UNICEF Youth Filmmaker + Sports Storytelling,UNICEF Golden Youth filmmaker; sports documentaries,Delhi,Tier 2,UNICEF networks; Film festivals
SPORTS & CORPORATE LEADERS,34,Devesh Mirchandani,Kathak Dancer + Metaverse Pioneer,Kathak dancer + metaverse exploration for arts/sports,Delhi,Tier 3,Arts + tech networks
SPORTS & CORPORATE LEADERS,35,Purbayan Chatterjee,Sitar + Neuroscience + Mindfulness (Duplicate in Batch 4),Sitar + raag + neuroscience; TEDxIIFTDelhi 2.1M views,National,Tier 1,TEDx networks; Media presence
SPORTS & CORPORATE LEADERS,36,Merril (SHEROES Founder),Women's Entrepreneurship + Sports Inclusion,SHEROES founder (2M+ community); women's sports advocacy,Delhi,Tier 1,SHEROES platform; LinkedIn
SPORTS & CORPORATE LEADERS,37,Ghazal Alagh,Mamaearth Co-Founder + Women in Sports Wellness,$1B valuation; woman founder; female athlete wellness focus,Delhi,Tier 1,LinkedIn; Beauty-tech networks
SPORTS & CORPORATE LEADERS,38,Vijay Shekhar Sharma,Paytm Founder + Sports Sponsorship Strategy,$16B valuation; cricket/sports sponsorship strategy,Delhi,Tier 2,LinkedIn; Business media
SPORTS & CORPORATE LEADERS,39,Neerav Tomar,IOS Sports & Entertainment Founder + Athlete Management,150+ elite athletes represented (Olympians); 20-year history,Delhi,Tier 1,LinkedIn; Sports management
SPORTS & CORPORATE LEADERS,40,Sandeep Singh,Freecultr Co-Founder + Athlete Apparel Innovation,Lifestyle apparel brand; sports-inspired streetwear,Delhi,Tier 2,LinkedIn; Fashion tech
SPORTS & CORPORATE LEADERS,41,Varun Singh,ScaleArc Tech Founder + Performance Optimization Philosophy,Database infrastructure founder; scaling human potential,National,Tier 2,Tech networks; LinkedIn
SPORTS & CORPORATE LEADERS,42,Vishal Gondal,Indiagames Founder + Gaming + Sports Simulation,Gaming pioneer; sports simulation games; early esports,National,Tier 2,Gaming networks; LinkedIn
SPORTS & CORPORATE LEADERS,43,Prince Kamboj,Rural Innovator + Sustainable Sports Equipment,Haryana-based; solar-powered sports equipment; Villgro recognition,Haryana,Tier 2,Haryana rural networks
SPORTS & CORPORATE LEADERS,44,Ritesh Malik,Innov8 Founder + Sports Startup Investments,Co-working pioneer; Josh Talks seed investor; athlete-tech ventures,Haryana/Delhi,Tier 1,Josh Talks networks; LinkedIn
SPORTS & CORPORATE LEADERS,45,Sumit Ranka,Thinkpot Founder + Sports Innovation Strategy,Innovation consulting; sports league tech integration,Haryana/Delhi,Tier 2,Startup networks; LinkedIn
SPORTS & CORPORATE LEADERS,46,Shobhit Banga,Josh Talks Co-Founder + Sports Storytelling Platform,3B+ views; athlete story democratization (Bharat-focused),"Gurgaon, Haryana",Tier 1,Josh Talks platform; Direct access
SPORTS & CORPORATE LEADERS,47,Sunny Nagpal,Josh Talks Entrepreneur + Sports Investor,Josh Talks team; media + investment in sports business,"Gurgaon, Haryana",Tier 1,Josh Talks networks
SPORTS & CORPORATE LEADERS,48,Dr. Vivek Bindra (Sports Coaching Angle),Business Psychology + Athlete Coaching Fusion,(Duplicate) Bada Business; sports psychology in business training,Delhi,Tier 2,YouTube; Corporate networks
SPORTS & CORPORATE LEADERS,49,Bipin Preet Singh,MobiKwik Founder + Fintech + Sports Monetization,135M users; sports event + athlete payment infrastructure,Gurgaon,Tier 2,LinkedIn; Fintech networks
SPORTS & CORPORATE LEADERS,50,Upasana Taku,MobiKwik Co-Founder + Women in Sports Tech Finance,Woman founder; 135M users; female athlete financial inclusion,Gurgaon,Tier 1,LinkedIn; Women entrepreneur networks
ARTS & SOCIAL IMPACT,51,Chetna Gala Sinha,Rural Banking + Women Empowerment + Activism,Mann Deshi Bank (500K+ women); TED speaker; Padma award,National,Tier 1,LinkedIn; Speaking bureaus; Padma network
ARTS & SOCIAL IMPACT,52,Tanvi Bhikchandani,Fashion + Social Impact + Sustainability,Tamarind Chutney; artisan empowerment; Info Edge daughter,Delhi,Tier 1,SVP Delhi networks; LinkedIn
ARTS & SOCIAL IMPACT,53,Saptak Chatterjee,Hindustani Classical + Indie/Pop/Rock Fusion,Gurugram-based; classical + fusion experimenter; Indian Ocean collaborator,Gurugram,Tier 1,saptakchatterjeemusic@gmail.com; Music networks
ARTS & SOCIAL IMPACT,54,Bawari Basanti (Mahima Dayal Mathur),Hindustani Classical + Hip Hop + Folk Fusion,Delhi-based; desi hip-hop + classical; GIAM Awards nomination,Delhi,Tier 1,LinkedIn; Music networks; Josh Talks
ARTS & SOCIAL IMPACT,55,"Advaita (Band: Ujjwal Nagar, Chayan Adhikari, Anindo Bose, Abhishek Mathur)",Indian Classical + Rock + Electronic Fusion,20-year band; 400+ concerts; MTV Unplugged; classical-rock pioneers,Delhi,Tier 1,@advaitamusic Instagram; Band booking networks
,,,,,,,
ARTS & SOCIAL IMPACT,57,Shadow and Light (Anindo Bose & Pavithra Chari),Contemporary Classical + Jazz + Electronica,Grammy-nominated; 3 albums; WOMEX featured,Delhi,Tier 1,SoundCloud/Spotify; Music networks
ARTS & SOCIAL IMPACT,58,Purbayan Chatterjee,Sitar + Raag + Neuroscience + Mindfulness,42 heads of state performances; President of India Award; TEDxIIFTDelhi 2.1M views,National,Tier 1,TEDx networks; Media presence
ARTS & SOCIAL IMPACT,59,Anirudh Varma,Piano + Contemporary Indian Classical Ensemble,Delhi-based; Anirudh Varma Collective; raag + contemporary blend,Delhi,Tier 2,LinkedIn; Music academia networks
ARTS & SOCIAL IMPACT,60,Raghu Dixit,Folk Music + Contemporary Blend + Film Composition,"Bewakoofiyaan, Gully Boy composer; Songlines Music Awards",National,Tier 2,Film/music industry networks
ARTS & SOCIAL IMPACT,61,Sanjiv Bhikchandani,Info Edge Founder + Social Impact + Purpose-Driven Entrepreneurship,₹5B market cap; Padma Shri; Ashoka University co-founder,Delhi,Tier 1,LinkedIn; SVP Delhi networks
ARTS & SOCIAL IMPACT,62,Nitin Jain,Social Entrepreneurship + Youth Empowerment (Spread Smile Foundation),"Ashoka grad; Spread Smile Foundation (200+ children, Sonipat); Haryana-based","Sonipat, Haryana",Tier 1,Ashoka networks; Local Haryana
ARTS & SOCIAL IMPACT,63,Suchita Salwan,LBB Founder + Women Entrepreneurship Platform,4M+ monthly users; 100K+ businesses (47% women); e-discovery platform,Delhi NCR,Tier 1,LinkedIn; Platform networks
ARTS & SOCIAL IMPACT,64,Falguni Nayar,Nykaa Founder + Beauty + Digital Empowerment,$13B+ valuation; IPO 2021; woman founder; beauty democratization,National,Tier 2,LinkedIn; Corporate networks; Media
ARTS & SOCIAL IMPACT,65,Sherly Hephzibah,2x TEDx Speaker + TED-Ed Educator + Education Innovation,2x confirmed TEDx; TED-Ed platform; education technology,National,Tier 1,LinkedIn; TEDx networks
ARTS & SOCIAL IMPACT,66,Ujjwal Nagar,Hindustani Vocalist + Fusion Music Experimentation,Advaita vocalist; international festivals,Delhi,Tier 1,Advaita band networks
ARTS & SOCIAL IMPACT,67,Chayan Adhikari,Western Vocals + Guitar + Fusion Innovation,Advaita member; rock-classical fusion,Delhi,Tier 1,Band networks
ARTS & SOCIAL IMPACT,68,Kunwar Tanishque Jarial,Hindustani Classical Vocals + Jazz Fusion,Pakshee vocalist; jazz-raag fusion,Delhi,Tier 1,+099583 05103; Band networks
ARTS & SOCIAL IMPACT,69,Sree Rag,Carnatic Vocals + World Music Fusion,Pakshee vocalist; South Indian tradition + modern genres,Delhi,Tier 1,Band networks
ARTS & SOCIAL IMPACT,70,Pavithra Chari,Classical Vocalist + Contemporary Songwriting + Lyricist,Shadow and Light vocalist/lyricist; 3 albums; Grammy nomination,Delhi,Tier 1,Music networks
ARTS & SOCIAL IMPACT,71,Anindo Bose,Keyboard/Producer + Contemporary Orchestration,Shadow and Light producer; electronica + raag fusion; Grammy-nominated,Delhi,Tier 1,Music production networks
ARTS & SOCIAL IMPACT,72,Gareth Farr,International Fusion Collaborator (if available),Alternative: Global collaborator working in India fusion space,National,Tier 3,International music networks
,,,,,,,
,,,,,,,
,,,,,,,
ARTS & SOCIAL IMPACT,76,Deepshikha Sharma,Mandala Artist + Social Art Practices,Mandala artist; community social practice; Delhi-based,Delhi,Tier 2,Instagram/social media; Art networks
,,,,,,,
ARTS & SOCIAL IMPACT,78,Desh & Kirti,Project Ibtida Co-Founders,E-commerce for differently-abled; disability-inclusive empowerment,Delhi,Tier 2,F6S platform; Social enterprise networks
ARTS & SOCIAL IMPACT,79,Dhwani & Akshya,Silpakarman Co-Founders,Bamboo products + rural artisan partnerships; sustainable design,Delhi,Tier 2,Social enterprise networks
ARTS & SOCIAL IMPACT,80,Priyanjali,Aaroogya Founder (Breast Cancer Prevention + AI),India's first AI + anthropology social startup; rural healthcare,Delhi,Tier 2,Social enterprise networks
ARTS & SOCIAL IMPACT,81,Tanvi Bhikchandani + Sanjiv Bhikchandani Panel,Purpose-Driven Leadership Panel,SVP panel; investment + social purpose fusion,Delhi,Tier 1,SVP Delhi networks
ARTS & SOCIAL IMPACT,82,Govind Iyer,SVP India All-Chair + Impact Investing + Community Leadership,"SVP collective champion; ""serving with love"" philosophy",Delhi,Tier 1,SVP networks; Leadership circles
ARTS & SOCIAL IMPACT,83,Kaku Nakhate,Bank of America + CSR Strategy + Social Innovation,SVP Prerna 2025 panelist; corporate CSR + strategic innovation,National,Tier 2,Corporate networks
ARTS & SOCIAL IMPACT,84,Munish Sharda,Axis Bank + Strategic CSR + Social Impact Strategy,SVP panel; banking + grassroots impact,National,Tier 2,Corporate networks
ARTS & SOCIAL IMPACT,85,Renu Vasanth Kumar,Barclays + Women's Empowerment + Financial Inclusion,SVP panelist; global fintech + local women's empowerment,National,Tier 2,Corporate networks
ARTS & SOCIAL IMPACT,86,Harjeet Kohli,SVP Delhi Chapter Chair + Engaged Philanthropy,SVP Delhi Chair; wealth + social commitment,Delhi,Tier 1,SVP networks
ARTS & SOCIAL IMPACT,87,Nene Ibezim,Ashoka University Fellow + Global Social Impact,YIF alum; Spread Smile Foundation global connections,National,Tier 2,Ashoka networks
ARTS & SOCIAL IMPACT,88,Suhas Peela,Ashoka University Fellow + Social Enterprise Development,YIF alum; Spread Smile Foundation scaling,National,Tier 2,Ashoka networks
ARTS & SOCIAL IMPACT,89,Ekanto (Ashoka CFE Mentor),Ashoka InfoEdge Centre for Entrepreneurship + Mentoring,CFE mentor; rural women's livelihood innovation,Delhi,Tier 2,Ashoka networks
ARTS & SOCIAL IMPACT,90,Lovsy Founders (Ashoka Student-Run Startup),Social Enterprise + Rural Women Empowerment,Ashoka startup; rural women consistent income,Delhi,Tier 2,Ashoka networks; Sonipat proximity
ARTS & SOCIAL IMPACT,91,Arjun Mehta,Drishtee Co-Founder + Rural Digital Access + Community Building,26-year operating history; rural community development + tech,National,Tier 2,Drishtee networks
,,,,,,,
,,,,,,,
,,,,,,,
ARTS & SOCIAL IMPACT,95,Tamarind Chutney Design/Impact Team,Sustainable Fashion + Artisan Empowerment,Textile waste reduction + artisan storytelling,Delhi,Tier 1,@thetamarindchutney; Social impact fashion
ARTS & SOCIAL IMPACT,96,Dr. Priyanka Sharma,Technology + Law + Data Privacy + Women Leadership in Tech,Tech-legal expert; HERricane podcast; women in tech,Delhi,Tier 2,LinkedIn; Tech-legal networks
ARTS & SOCIAL IMPACT,97,Classicool Collective Members (if distinct from Purbayan),Contemporary Classical + Music Innovation + Collective Performance,Purbayan-led collective; collaborative contemporary Indian classical,National,Tier 2,Music networks
ARTS & SOCIAL IMPACT,98,Utkarsh (Arts + Tech Founder),Community Arts + Technology Platform,Arts + tech platform for community engagement,To be confirmed,Tier 3,Arts + tech networks
ARTS & SOCIAL IMPACT,99,Aman Gupta,Boult Audio Co-Founder + Hammer Lifestyle Investment,Shark Tank India investor; audio tech + sports tech,Delhi,Tier 2,Shark Tank networks; LinkedIn
,,,,,,,
RURAL INNOVATORS & AGRITECH,101,Shashank Kumar,DeHaat Co-Founder + IIT Delhi,"₹5,690 crore valuation; 1.5M+ farmers; IIT Delhi + Ashoka Fellow","Gurugram, Haryana",Tier 1,LinkedIn; IIT Delhi network
RURAL INNOVATORS & AGRITECH,102,Amrendra Singh,DeHaat Co-Founder + IIT/IIM Alum,IIT Kharagpur + IIM Ahmedabad; rural finance access,"Gurugram, Haryana",Tier 1,LinkedIn; IIT/IIM networks
RURAL INNOVATORS & AGRITECH,103,Sukhjeet Singh,Farmer-Entrepreneur + Organic Agripreneur + Mentor,"Sirsa, Haryana; ₹60 lakh organic venture; 600+ farmer mentees; GFBN member","Sirsa, Haryana",Tier 1,Krishi Jagran networks; Social media
RURAL INNOVATORS & AGRITECH,104,Ajay Kumar,Dairy Farming + Value Addition + Young Agripreneur,"Sirsa, Haryana; Millennium Farmer of India Award 2025; AKC Foods","Sirsa, Haryana",Tier 1,Krishi Jagran award circuit; Tribune India
RURAL INNOVATORS & AGRITECH,105,Nukul Upadhye,Bijak Co-Founder + Agricultural Marketplace + Transparency Tech,₹35M+ funding; 28 states; 110+ commodities; ₹300 crore GMV,Delhi NCR,Tier 1,LinkedIn; Forbes India featured
RURAL INNOVATORS & AGRITECH,106,Mahesh Jakhotia,Bijak Co-Founder + Agricultural Supply Chain,Trust architecture; farmer welfare focus,Delhi NCR,Tier 1,LinkedIn; Agri-tech networks
RURAL INNOVATORS & AGRITECH,107,Jitender Bedwal,Bijak Co-Founder + Agricultural Trade Democratization,No-middlemen ethos; digital price discovery,Delhi NCR,Tier 1,LinkedIn; Omidyar network
RURAL INNOVATORS & AGRITECH,108,Nikhil Tripathi,Bijak Co-Founder + Agricultural Data Transparency,Data-driven accountability in agri supply chain,Delhi NCR,Tier 1,LinkedIn; Agri-tech networks
RURAL INNOVATORS & AGRITECH,109,Daya Rai,Bijak Co-Founder + Socio-Economic Equity in Agriculture,Erasing socio-economic divides via technology,Delhi NCR,Tier 1,LinkedIn; Omidyar networks
RURAL INNOVATORS & AGRITECH,110,Parikshit Sai,Pranam Kisan Co-Founder + Agri-Fin Tech + Farmer Empowerment,"20-year history; 10,000+ farmers; 15 states; training + advisory",Jaipur/Pan-India,Tier 1,LinkedIn; Agritech startup networks
RURAL INNOVATORS & AGRITECH,111,Suresh K Gehlot,Pranam Kisan Co-Founder + Sustainable Agribusiness,Closed-loop controlled farming models,Pan-India,Tier 1,Agritech networks
RURAL INNOVATORS & AGRITECH,112,Kaustav Saha,Seven3 Digital Founder + IoT Smart Farming + Precision Agriculture,"Gurugram-based; IoT + sensors + AI; 30% yield increase, 40% resource reduction","Gurugram, Haryana",Tier 1,LinkedIn; IoT + agriculture networks
RURAL INNOVATORS & AGRITECH,113,Maninder Singh Nayyar,CEF Group Founder + Waste-to-Resource + Urban Farming Innovation,"Delhi-based; waste → bioCNG + fertilizer; Urban Farmer (400 customers, 14-hour delivery)",Delhi,Tier 1,LinkedIn; Your Story 2025 interview
RURAL INNOVATORS & AGRITECH,114,Ullas Samrat,Triton Foodworks Co-Founder + Hydroponic Agriculture,Founded 2014; 700+ tons annually; residue-free produce,Delhi,Tier 2,LinkedIn; Sustainable agriculture networks
RURAL INNOVATORS & AGRITECH,115,Dhruv Khanna,Triton Foodworks Co-Founder + Fresh Produce Supply Chain Innovation,Hydroponic systems for urban consumers,Delhi,Tier 2,LinkedIn networks
RURAL INNOVATORS & AGRITECH,116,Founder (I Say Organic),Organic Food + Farmer Support + Farm-to-Consumer Access,Founded 2011; 300+ products; 13 states; farmer livelihood focus,Delhi,Tier 2,Organic sector networks
RURAL INNOVATORS & AGRITECH,117,Indranil Datta,Seed Savers Club Founder + Non-Traditional Crop Farming,"Mushrooms, spices, medicinal crops; high-margin diversification",National,Tier 2,Agritech startup networks
RURAL INNOVATORS & AGRITECH,118,Ashish Mishra,Krishi Network Co-Founder + Farmer Education + Agricultural Tech Access,Founded 2018; Gurugram-based; tech-enabled farmer empowerment,"Gurugram, Haryana",Tier 1,LinkedIn; Gurugram startup networks
RURAL INNOVATORS & AGRITECH,119,Siddhant Bhomia,Krishi Network Co-Founder + Technology + Agricultural Knowledge,Tech platform for farmer knowledge access,"Gurugram, Haryana",Tier 1,Startup networks
RURAL INNOVATORS & AGRITECH,120,Neha Bharti,Swadha Agri Founder + Women in Agriculture + AI-Driven Solutions,DPIIT-recognized; World Food India 2025 featured; female farmer support + AI,National,Tier 1,LinkedIn; World Food India networks
RURAL INNOVATORS & AGRITECH,121,Gen Flow AI Founder/Team,AI + Precision Agriculture + Modern Farming Integration,Delhi-based; AI-driven agricultural innovations,Delhi,Tier 2,AI + agriculture networks
RURAL INNOVATORS & AGRITECH,122,Nutrikosh India Founder/Team,Farmer Producer Organizations + Krishi Saarthi Kendra,Founded 2021; 20+ FPO centers; collective farming model,National,Tier 2,FPO networks
RURAL INNOVATORS & AGRITECH,123,Mulyam AI Founder/Team,AI + Market Access + Farmer Producer Organizations,Pune-based; FPO market expansion via AI,Pan-India,Tier 2,Your Story 2025; FPO networks
RURAL INNOVATORS & AGRITECH,124,Krishna Kumar,CropIn Founder + Farm Data Intelligence + AgTech Pioneer,Founded 2010; Bengaluru-based; VC-backed; 16-year history,Pan-India,Tier 2,Data + agriculture networks
RURAL INNOVATORS & AGRITECH,125,Susheel Kumar,Syngenta India MD + Corporate Agriculture Innovation + Farmer Tech Adoption,"Karnal, Haryana; 100+ drone pilots trained (18 women, 16 districts)","Karnal, Haryana",Tier 1,Syngenta networks; Haryana CSR
RURAL INNOVATORS & AGRITECH,126,Dr. KC Ravi,Syngenta India Chief Sustainability Officer + Climate-Smart Agriculture,Technology-driven farmer prosperity + climate adaptation,"Karnal, Haryana",Tier 2,Syngenta networks
RURAL INNOVATORS & AGRITECH,127,Dr. R.S. Paroda,Haryana Kisan Ayog Leader + Agricultural Innovation Fund + Policy,₹2 crore Innovation Fund architect; farmer innovation recognition + scaling,Haryana,Tier 1,Haryana government; Direct XLRI advantage
RURAL INNOVATORS & AGRITECH,128,Agricultural Innovation Fund Farmers (ICAR Awardees),Farmer-Led Innovation Champions + Traditional Knowledge,58 Haryana/Punjab progressive farmers; crop diversification documented,Haryana/Punjab,Tier 2,ICAR networks; Government ag ministry
RURAL INNOVATORS & AGRITECH,129,Bijak B2B Traders (Platform Community),Agricultural Trading + Modernization + Mandi Participants,₹300 crore/month transactions; traditional mandi → digital modernization,Pan-India,Tier 3,Bijak platform networks
RURAL INNOVATORS & AGRITECH,130,FarMart Agri Services Leadership (Haryana-Based),Agricultural Services + Rural Haryana Enterprise,Haryana-based agritech; commodity services,Haryana,Tier 2,Haryana agritech networks
RURAL INNOVATORS & AGRITECH,131,Country Delight Founder/Team,Dairy + Direct-to-Consumer + Quality + Rural Livelihoods,Haryana-based dairy brand; direct-to-consumer + farmer partnerships,Haryana,Tier 2,Dairy/food-tech networks
RURAL INNOVATORS & AGRITECH,132,BharatRohan Airborne Innovations Team,Drone Technology + Precision Agriculture,Founded 2016; Haryana-based; UAV spectral imaging + AI analytics,Haryana,Tier 2,Precision agriculture networks
RURAL INNOVATORS & AGRITECH,133,UPAJ AI Solutions Team,Soil Intelligence + Smart Agriculture + Climate Resilience,Haryana-based; soil analysis + ag-advisory + digital insurance,Haryana,Tier 2,Climate adaptation networks
RURAL INNOVATORS & AGRITECH,134,Organic Ledger Founder/Team,Organic Certification + Blockchain + Farmer Trust,Gurugram/NCR-based; blockchain organic certification; farmer market access,"Gurugram, Haryana",Tier 2,Blockchain + organic networks
,,,,,,,
RURAL INNOVATORS & AGRITECH,136,Grocerist Founder/Team,Farm-to-Retail + Digital Supply Chain + Farmer Economics,Gurugram-based; farm-to-consumer retail; farmer economics focus,"Gurugram, Haryana",Tier 2,Supply-chain + food-tech networks
RURAL INNOVATORS & AGRITECH,137,XaasTag Regtech Team,Agricultural Commodity Trading + Blockchain + Transparency,Gurugram-based; blockchain agri-commodity trading,"Gurugram, Haryana",Tier 2,Regtech + blockchain networks
,,,,,,,
RURAL INNOVATORS & AGRITECH,139,F2DF (Kisan Ki Online Dukaan) Founder/Team,Farmer Direct-to-Consumer + Digital Marketplace,Haryana-based farmer marketplace; D2C focus,Haryana,Tier 2,D2C + farmer networks
RURAL INNOVATORS & AGRITECH,140,Harvinder Singh (Syngenta Drone Program),Drone Pilot + Technology Adoption + Youth Employment,Haryana-based; Syngenta drone training graduate; 100-pilot program,Haryana,Tier 2,Syngenta networks; Youth ag tech
,,,,,,,
,,,,,,,
,,,,,,,
,,,,,,,
,,,,,,,
RURAL INNOVATORS & AGRITECH,146,Haryana Chief Minister's Agricultural Policy Team,Government Agriculture Innovation Policy,Policy architects; ₹2-3 crore annual commitment to farmer innovation,Haryana,Tier 2,Government networks; Direct XLRI advantage
RURAL INNOVATORS & AGRITECH,147,Dr. Indu Sharma,Agricultural Education + Extension + Farmer Skill Development,University researcher; extension + farmer knowledge transfer,Haryana/Pan-India,Tier 2,University networks
,,,,,,,
,,,,,,,
,,,,,,,
AI + TRADITIONAL KNOWLEDGE,151,Tirth Patel,AyuGPT Co-Founder (Age 21) + Ayurveda AI Platform,Launched January 2026; India's first Ayurveda AI platform; youngest founder,National,Tier 1,LinkedIn; Recent launch visibility
AI + TRADITIONAL KNOWLEDGE,152,Vaidya Prachi Patel,AyuGPT Co-Founder (Age 23) + Ayurveda Medical Background,Classical Ayurveda credentials + AI model development,National,Tier 1,LinkedIn; Traditional medicine networks
AI + TRADITIONAL KNOWLEDGE,153,Varun Jairath,Purely Yours Founder + Ayush AI Creator + D2C Ayurveda Brand,Dr. Vaidya's acquired + 2M+ consumers; Purely Yours + Ayush AI (15K+ consultations),National,Tier 1,LinkedIn; Outlook Business featured 2025
AI + TRADITIONAL KNOWLEDGE,154,Parag Kaushik,Upakarma Ayurveda Co-Founder + Biotech Innovation,Founded 2017; Delhi-based; traditional formulations + biotech validation,Delhi,Tier 2,LinkedIn; Biotech networks
AI + TRADITIONAL KNOWLEDGE,155,Satish Kumar,Upakarma Ayurveda Co-Founder + Biotech + Authenticity,Heritage knowledge + modern biotech processes,Delhi,Tier 2,Biotech networks
AI + TRADITIONAL KNOWLEDGE,156,Arjun Vaidya,Dr. Vaidya's Founder + Ayurveda D2C Pioneer + VC Investor,"2M+ consumers; 16,500+ pincodes; V3 Ventures co-founder + investor",National,Tier 1,LinkedIn; VC networks; Founder circles
AI + TRADITIONAL KNOWLEDGE,157,Bala Pesala,Ayur.AI Founder + Integrative Medicine + AI Health App,AiWell app; integrative Ayurveda + modern medicine,Chennai,Tier 2,F6S profile; Healthtech networks
AI + TRADITIONAL KNOWLEDGE,158,Yedhu Krishnan,Ayur.AI Co-Founder + Full Stack Developer + Health Tech,Software + Ayurvedic knowledge systems,Chennai,Tier 2,Healthtech networks
AI + TRADITIONAL KNOWLEDGE,159,Rishabh Chopra,The Ayurveda Experience Founder + D2C Wellness,D2C Ayurveda brand; digital wellness education + community,National,Tier 2,D2C networks
AI + TRADITIONAL KNOWLEDGE,160,Dr. G. Sivaraman,Arogya Siddha Healthcare Founder + Siddha Medicine Innovator,30 years Siddha practice; TKDL Expert; Government policy influence,Chennai,Tier 1,LinkedIn; Government AYUSH networks
AI + TRADITIONAL KNOWLEDGE,161,Nikhil Tripathi,Sanskrit NLP Researcher + Natural Language Processing Pioneer,15+ years ML lab; Sanskrit word2vec alternatives; ByT5-Sanskrit SOTA,National,Tier 1,LinkedIn; Tech Mahindra + NLP networks
AI + TRADITIONAL KNOWLEDGE,162,ByT5-Sanskrit Research Team,Sanskrit Morphology + Byte-Level Language Models + NLP Innovation,Achieved SOTA Sanskrit segmentation; Digital Corpus of Sanskrit trained,National,Tier 1,arXiv papers; NLP conference networks
AI + TRADITIONAL KNOWLEDGE,163,Keshav Misra,TKDL (Traditional Knowledge Digital Library) Advocate + AI Cultural Heritage,"LinkedIn influencer; TKDL launch (July 12, 2025); biopiracy prevention via AI",National,Tier 1,LinkedIn; Media commentary reach
AI + TRADITIONAL KNOWLEDGE,164,Dr. Nithyananda Paramashivam (SPH Bhagavan Sri Nithyananda),Traditional Medicine AI Platform + Consciousness Sciences Integration,TKDL backer; Nithyananda Hindu Library; Ask Nithyananda AI; consciousness research,National,Tier 2,Nithyananda networks; Media reach
AI + TRADITIONAL KNOWLEDGE,165,Dr. Atul Tripathi,Quantum Technologist + Vedic Philosophy Researcher + PMO AI Consultant,"Quantum + Vedic philosophy integration; ""Quantum Physics & Vedic Philosophy"" author",National,Tier 1,LinkedIn; Quantum/Vedic networks; Policy circles
AI + TRADITIONAL KNOWLEDGE,166,Sangeetha Menon,NIAS Consciousness Studies Programme Head + Interdisciplinary Research,Only Indian academic consciousness program; neuroscience + metaphysics + yoga,Bangalore,Tier 1,NIAS networks; Research platforms
AI + TRADITIONAL KNOWLEDGE,167,Nithin Nagaraj,Consciousness Neuroscience + Brain-Inspired ML Algorithms,NIAS CSP researcher; novel ML algorithms + yoga practice neuroscience,Bangalore,Tier 1,NIAS networks; ML research circles
AI + TRADITIONAL KNOWLEDGE,168,Prof. Rashmi Gupta,Cognitive & Behavioral Neuroscience Researcher + Emotion-Cognition,"IIT Bombay; fMRI/EEG research; ADHD, autism, depression applications",Mumbai,Tier 1,IIT Bombay networks; Neuroscience
AI + TRADITIONAL KNOWLEDGE,169,Prof. Sumeet Jana,Cognitive Neuroscience of Self-Control + Action Inhibition Researcher,IIT Delhi; self-control + mind-wandering neural mechanisms,Delhi,Tier 1,IIT Delhi networks; Cognitive science
AI + TRADITIONAL KNOWLEDGE,170,Dr. Harikrishnan NB,Brain-Inspired Algorithms + Conscious Computing,NIAS researcher; neuron-inspired ML architecture,Bangalore,Tier 2,NIAS networks
AI + TRADITIONAL KNOWLEDGE,171,Centre for Vedic & Yogic Sciences (CVYS) Leadership Team,Vedic Knowledge + Contemporary Science Integration,"Hansraj College, Delhi; Vedic cosmology + quantum theory + consciousness",Delhi,Tier 1,Hansraj College networks; Academic NEP 2020
AI + TRADITIONAL KNOWLEDGE,172,CVYS Director (Hansraj College),Vedic Philosophy + Quantum Physics Integration,Vedic cosmology + contemporary science curriculum architect,Delhi,Tier 1,Hansraj College networks
AI + TRADITIONAL KNOWLEDGE,173,MIT School of Vedic Sciences Research Team,Vedic Psychology + Application-Oriented Research,"Applied Vedic psychology research; past-life regression, personality studies",National,Tier 2,MIT SVS networks
AI + TRADITIONAL KNOWLEDGE,174,Prof. Bindu M Kutty,Yoga Neuroscience + EEG/ECG Analysis of Practice,NIAS CSP collaborator; neurophysiological correlates of yoga,Bangalore,Tier 2,Yoga science networks
AI + TRADITIONAL KNOWLEDGE,175,Prof. Ajay Kumar Nair,Consciousness Neuroscience + Yoga Physiology,NIAS CSP; synchronized brain-cardiovascular dynamics during yoga,Bangalore,Tier 2,Yoga + neuroscience networks
AI + TRADITIONAL KNOWLEDGE,176,Prof. S N Omkar,Consciousness Neuroscience + Causal Analysis in Cognition,NIAS CSP (IISc affiliation); causal cognitive neuroscience,Bangalore,Tier 2,Research networks
AI + TRADITIONAL KNOWLEDGE,177,Prof. Rahul Garg,Computer Science + Cognitive Neuroscience Collaboration,IIT Delhi CS Faculty; collaborates with Prof. Jana on neural mechanisms,Delhi,Tier 2,IIT Delhi networks
,,,,,,,
,,,,,,,
,,,,,,,
,,,,,,,
,,,,,,,
,,,,,,,
AI + TRADITIONAL KNOWLEDGE,184,Vedic Mathematics + Coding Education Advocates,Ancient Sanskrit Algorithms + Modern Programming,Sanskrit algorithms for NLP; Vedic mathematics in neural networks,Educational networks,Tier 2,STEM education networks
AI + TRADITIONAL KNOWLEDGE,185,Pandit Bhargav (Sanskrit Scholar-Tech Collaborator),Sanskrit Liturgy + NLP Collaboration,Sanskrit grammar + ML; bridges linguistic precision with DL,National,Tier 2,Sanskrit education networks
AI + TRADITIONAL KNOWLEDGE,186,Jaggi Vasudev (Sadhguru),Consciousness + Technology + Spiritual Science,Isha Foundation (1992); consciousness + AI ethics; 10M+ YouTube subscribers,Coimbatore,Tier 2,Isha networks; Media reach
AI + TRADITIONAL KNOWLEDGE,187,Niharika Sharma,Trika Philosophy + Consciousness Studies + Contemporary Meaning-Making,NIAS CSP researcher; Parāsamvit consciousness research; Trika metaphysics,Bangalore,Tier 2,Philosophy + consciousness networks
AI + TRADITIONAL KNOWLEDGE,188,Yogic Proficiency Scale (YPS) Development Team,Patanjali Yoga Sutras + Quantitative Measurement Framework,NIAS team developing YPS; ancient philosophy + psychometric design,Bangalore,Tier 2,Yoga science + research networks
AI + TRADITIONAL KNOWLEDGE,189,Sanskrit Word Segmentation + Lemmatization Task Dataset,Multitask Sanskrit NLP Dataset Creation,Digital Corpus of Sanskrit based; joint training on linguistic tasks,National,Tier 3,NLP research networks
AI + TRADITIONAL KNOWLEDGE,190,SanskritShala Resource Platform,Sanskrit Language + Learning Technology + Digital Resources,Sanskrit NLP tools + resources; traditional language + digital accessibility,Online,Tier 2,Digital education networks
AI + TRADITIONAL KNOWLEDGE,191,Practical Vedic Application Groups,Applied Vedic Knowledge + Contemporary Life Integration,"Upanishadic wisdom in daily life; stress management, decision-making, ethics",Community networks,Tier 3,Spiritual + wellness communities
AI + TRADITIONAL KNOWLEDGE,192,Consciousness Science Dialogue Advocates,Science-Spirituality Bridge Builders,Structured dialogues between neuroscience + philosophy; meditation + brain imaging,Academic + spiritual,Tier 2,Conference networks
AI + TRADITIONAL KNOWLEDGE,193,Biopiracy Prevention Through TKDL Advocates,Heritage Protection + AI Infrastructure Advocacy,TKDL as global template for protecting traditional knowledge via AI,Policy + health networks,Tier 2,International policy forums
AI + TRADITIONAL KNOWLEDGE,194,Brain-Inspired AI Architecture Researchers (General Field),Neuroscience Principles + ML Architecture Design,Broader research community exploring neuroscience-informed AI systems,Global research,Tier 2,AI/ML + neuroscience networks
AI + TRADITIONAL KNOWLEDGE,195,Ayurveda + Psychopharmacology Researchers,Traditional Medicine + Mental Health Integration,"Ayurvedic approaches to depression, anxiety via psychopharmacology",Healthcare research,Tier 2,Mental health + Ayurveda networks
AI + TRADITIONAL KNOWLEDGE,196,Vedic Chanting + Neuroscience Research Collaborators,Mantric Resonance + Brain Imaging Studies,Neural correlates of Vedic chanting; mantra effects on cognition,Meditation + neuroscience,Tier 2,Yoga neuroscience networks
AI + TRADITIONAL KNOWLEDGE,197,Consciousness Measurement Tool Developers,Quantifying Subjective Experience + Digital Tools,"Wearables, apps measuring meditation depth, yogic proficiency, consciousness states",Tech + wellness startups,Tier 2,Wellness tech networks
AI + TRADITIONAL KNOWLEDGE,198,AI Ethics + Consciousness Integration Researchers,Ethical AI Design + Awareness Development,"Consciousness studies informing ethical AI (bias, dignity, awareness)",AI ethics + policy,Tier 2,Tech policy networks
AI + TRADITIONAL KNOWLEDGE,199,Herbal Molecule Discovery + AI Repositories,Ethnobotany + Computational Drug Discovery,TKDL + Ayush databases + AI; molecular pathways + drug discovery,Biotech + pharma,Tier 2,Biotech research networks
AI + TRADITIONAL KNOWLEDGE,200,Integrative Medicine Practitioners + Tech Integration,Traditional Practice + Digital Documentation,"Ayurveda/Siddha practitioners adopting EHR, AI diagnostic support, telemedicine",Medical practice,Tier 3,Healthcare practitioner networks
DEFENSE/GOVERNMENT + CREATIVE FIELDS,201,Lt Gen Kanwal Jeet Singh Dhillon (KJS Dhillon),Defense Intelligence + Leadership + National Security Speaker,39-year military; ex-DG Defence Intelligence; 102K LinkedIn followers (@tinydhillon),National,Tier 1,LinkedIn; kjsdhillon15@gmail.com
DEFENSE/GOVERNMENT + CREATIVE FIELDS,202,Major Deepak Iyer,Special Forces + McKinsey + Yoga + Executive Coach,2016 surgical strikes unit; McKinsey consultant; IIM + Columbia MBA; certified yoga,National,Tier 1,LinkedIn; SpeakIn profile; Mastery Inside
DEFENSE/GOVERNMENT + CREATIVE FIELDS,203,Colonel Lalit Rai,Kargil War Hero + Gallantry Awardee + Motivational Speaker,"Vir Chakra recipient; mountaineer (Kanchanjunga, Kabru); corporate trainer",National,Tier 1,Celebrity Speakers India; Indian Speakers Bureau
DEFENSE/GOVERNMENT + CREATIVE FIELDS,204,Capt. Raghu Raman,Armed Forces + CEO + UN Peacekeeper + National Security Author,11-year Captain; NATGRID CEO; Reliance Group President; ORF Distinguished Fellow,National,Tier 1,LinkedIn; ORF networks; Speaker bureaus
DEFENSE/GOVERNMENT + CREATIVE FIELDS,205,Brig JS Rajpurohit,Army Officer + Management Doctorate + Holistic Leadership Coach,"Brigadier (retired); PhD, MPhil in Management; Veterans India member",National,Tier 1,Veterans India Initiative
DEFENSE/GOVERNMENT + CREATIVE FIELDS,206,Kiran Soni Gupta,IAS Officer + Acclaimed Artist + Policy Leader,Rajasthan IAS; Louvre-exhibited artist; Harvard Mason fellow; retired as DG Jawahar Kala Kendra,National,Tier 1,LinkedIn; Art exhibition networks
DEFENSE/GOVERNMENT + CREATIVE FIELDS,207,D C Rajappa,IPS Officer + Kannada Poet + Police Sahitya Vedike Founder,Joint Commissioner Bengaluru; 300+ poems; inspired 500+ police officers to write,Bangalore,Tier 1,LinkedIn; Better India featured; Poetry networks
DEFENSE/GOVERNMENT + CREATIVE FIELDS,208,Hariram Meena,IPS Officer + Poet + Writer + Scholar,"Former IPS; poet, writer, scholar; 3 poetry collections, novels, travelogues",National,Tier 1,Literature networks; Sahitya Akademi
DEFENSE/GOVERNMENT + CREATIVE FIELDS,209,Murlidhar Sharma,IPS Officer + Urdu Poet/Ghazal Writer,"Deputy Commissioner Kolkata; Master's Urdu; Hisar, Haryana heritage","Hisar, Haryana",Tier 1,LinkedIn; Urdu literature networks; HARYANA-BASED
DEFENSE/GOVERNMENT + CREATIVE FIELDS,210,Mahendra Singh Sikarwar,IPS Officer + Ghazal Writer + Poet + Memoir Author,"IPS officer; debut ""Ibarat"" (ghazals + Nazms); rural-to-urban journey + philosophy",National,Tier 2,Police + poetry networks
DEFENSE/GOVERNMENT + CREATIVE FIELDS,211,J K Soni,IAS Officer + Photographer,"2010-batch IAS, Rajasthan; photographer capturing administrative + scenic moments",National,Tier 2,IAS networks; Photography circles
DEFENSE/GOVERNMENT + CREATIVE FIELDS,212,Pankaj Nain,IPS Officer + Photographer + Nature Conservation Advocate,"2007-batch IPS, Haryana cadre; photographer (2 years, nature conservation)",Haryana,Tier 1,IPS networks; Haryana-based
DEFENSE/GOVERNMENT + CREATIVE FIELDS,213,Dinesh Kumar,IAS Officer + Photographer + Commissioner & Secretary,"IAS, Nagaland posting; photography hobby sparked by natural beauty",National,Tier 2,IAS networks; Photography circles
DEFENSE/GOVERNMENT + CREATIVE FIELDS,214,Jayakrishnan V M,IAS Officer + Drone Photographer + Visionary,IAS officer; DSLR → drone photography; India's diversity from aerial perspective,National,Tier 1,LinkedIn; Drone + photography networks
DEFENSE/GOVERNMENT + CREATIVE FIELDS,215,Keki N Daruwalla,"IPS Officer + Renowned Poet (1937-2024, Passed Away)","Legendary poet in English; IPS, UP cadre; mentored generations; literary legacy",Historical,Tier 2,Poetry archives; Literary legacy references
DEFENSE/GOVERNMENT + CREATIVE FIELDS,216,Dr. B.K. Mishra,Veterans India Founder + Defense Philosopher + Leadership Coach,"Founder/National President Veterans India; ""Viksit Bharat @2047"" visionary",National,Tier 1,Veterans India Initiative; Direct contact
DEFENSE/GOVERNMENT + CREATIVE FIELDS,217,AS Keshav Selvi (Anancha Perumal Selvi Keshav),Defense Entrepreneur + Simulation Technology Pioneer,KS Smart Solutions founder; 39 years defense tech innovation; military training simulators,National,Tier 1,iDEX networks; Defense ministry
DEFENSE/GOVERNMENT + CREATIVE FIELDS,218,Lt Gen PG Kamath,Defense + Strategic Thinking,Retired Lieutenant General; TEDx speaker; leadership + national security,National,Tier 1,TEDx networks; Defense policy circles
DEFENSE/GOVERNMENT + CREATIVE FIELDS,219,Gen Ved Prakash Malik,Defense Strategist + Decision-Making Expert,"General (retired); Kargil War strategist; ""winner for life"" philosophy",National,Tier 1,Defense networks; Corporate keynotes
DEFENSE/GOVERNMENT + CREATIVE FIELDS,220,Lt Gen Sanjeev Madhok,Defense Leadership + Strategic Vision,Lieutenant General (retired); leadership excellence + communication expertise,National,Tier 1,Defense networks; Institutional keynotes
DEFENSE/GOVERNMENT + CREATIVE FIELDS,221,Lt Gen Shivane,Defense + National Security + Author + Think Tank Fellow,Retired Lieutenant General; commanded 7th Light Cavalry + Strike Corps; 2 books; TEDx speaker,National,Tier 1,TEDx networks; Think tank networks
DEFENSE/GOVERNMENT + CREATIVE FIELDS,222,Col. Vineet Dev,Defense + HR + Organizational Transformation + Diversity Leader,"Colonel (retired, 39 years); HR/OB specialist; DE&I + military-to-corporate transition",National,Tier 1,HR transformation networks; Defense circles
DEFENSE/GOVERNMENT + CREATIVE FIELDS,223,Jyoti Kumari,Army Officer + Education Innovator + Healthcare Advocate,Kargil War veteran; ECHS Polyclinics Director; Asha School (special education) principal,National,Tier 1,Corporate speaker networks; Defense + education
DEFENSE/GOVERNMENT + CREATIVE FIELDS,224,Gen. Punit Chopra (If available),Defense Strategy + Leadership,Defense strategist + leader,National,Tier 3,Defense policy networks
DEFENSE/GOVERNMENT + CREATIVE FIELDS,225,Paul (ASIS International Regional VP),Defense + Corporate Security + Risk Management,Senior VP ASIS (South & Southeast Asia); crisis response + security governance,National,Tier 2,ASIS networks; Corporate security
DEFENSE/GOVERNMENT + CREATIVE FIELDS,226,Yash Mor,Armed Forces Speaker,Armed forces background; motivational speaker,National,Tier 2,Speaker bureau networks
DEFENSE/GOVERNMENT + CREATIVE FIELDS,227,Anand Murthy Raj,Armed Forces Speaker,Armed forces background; motivational speaker,National,Tier 2,Speaker bureau networks
DEFENSE/GOVERNMENT + CREATIVE FIELDS,228,Arun Babber,Armed Forces Speaker,Armed forces background; motivational speaker,National,Tier 2,Speaker bureau networks
DEFENSE/GOVERNMENT + CREATIVE FIELDS,229,Major D P Singh,"Kargil War Veteran + Amputee Marathon Runner + ""Blade Runner""","Kargil war amputee; India's first blade runner; ""Never Say Die"" attitude",National,Tier 1,Motivational networks; Sports adaptation circles
DEFENSE/GOVERNMENT + CREATIVE FIELDS,230,Colonel Rakesh Upadhyay,Armed Forces Speaker,Retired Colonel; motivational speaker,National,Tier 2,Speaker bureaus
DEFENSE/GOVERNMENT + CREATIVE FIELDS,231,Captain Rakesh Walia,Ex-Army Officer + Motivational Speaker + Leadership Trainer,"Former Captain, Indian Army; motivational speaker + corporate training",Delhi,Tier 2,Speaker bureaus; captain-rakesh-walia.com
DEFENSE/GOVERNMENT + CREATIVE FIELDS,232,Veterans India Member Network (30+ Additional Defense Speakers),Veterans India Motivational Speakers Initiative Panel,Veterans India platform; 30+ motivated defense speakers + experts,National,Tier 1,Veterans India Initiative; Contact through platform
DEFENSE/GOVERNMENT + CREATIVE FIELDS,233,Policy Innovators (Center for Policy Research + ORF Networks),Government Policy + Strategic Thinking,"Policy intellectuals + government advisors (defense, tech, economic policy)",Delhi/National,Tier 2,Think tank networks; Policy circles
DEFENSE/GOVERNMENT + CREATIVE FIELDS,234,iDEX (Innovation for Defence Excellence) Ecosystem Entrepreneurs,Defense Innovation + Startup + Defense Entrepreneurship,iDEX network (28 incubators); defense startups + MSMEs innovation,National,Tier 1,iDEX platform; Defense ministry
DEFENSE/GOVERNMENT + CREATIVE FIELDS,235,Haryana IAS/IPS Officers (Civil Service + Creative Fields),Haryana Government Administration + Creative Practitioners,"Haryana-based officers with creative pursuits; photography, writing, etc.",Haryana,Tier 1,Haryana government networks; DIRECT XLRI PROXIMITY
DEFENSE/GOVERNMENT + CREATIVE FIELDS,236,"Defense Researcher (IDSA, ORF, CSDS Networks)",Defense Policy Research + Think Tank Leadership,"Defense policy researchers from IDSA, ORF, CSDS institutions",Delhi/National,Tier 2,Think tank networks
DEFENSE/GOVERNMENT + CREATIVE FIELDS,237,Dr. Vivek Mitra (If available),Defense + Technology Innovation,Defense + tech specialist,National,Tier 3,Defense innovation circles
DEFENSE/GOVERNMENT + CREATIVE FIELDS,238,Colonel (Retd) Rajiv Dutta,Defense + Leadership Development,Retired Colonel; leadership development specialist,National,Tier 2,Training platforms
DEFENSE/GOVERNMENT + CREATIVE FIELDS,239,Defense Spouse + Civil Service Partner (Emerging Voice),Defense-Civilian Partnership + Resilience,Spouse of defense officer; dual challenges narrative; family resilience,National,Tier 3,Defense spouse communities
DEFENSE/GOVERNMENT + CREATIVE FIELDS,240,Ashoka University / Liberal Arts Leader (Defense Policy Teaching),Defense Policy Educators,Faculty teaching defense strategy + geopolitics at universities,Delhi,Tier 2,Ashoka + university platforms
DEFENSE/GOVERNMENT + CREATIVE FIELDS,241,Bureaucrat-Author (If Available),Government Administration + Creative Writing,IAS/IPS officer who is published author (fiction/non-fiction),National,Tier 3,Literature + government circles
DEFENSE/GOVERNMENT + CREATIVE FIELDS,242,Defense Innovator + Filmmaker (If Available),Defense + Documentary/Media,Defense background professional creating media on defense themes,National,Tier 2,Media/documentary platforms
DEFENSE/GOVERNMENT + CREATIVE FIELDS,243,Young Defense Officer + Tech Entrepreneur,New Generation Defense-Tech Fusion,Young officer transitioning to defense tech entrepreneurship (iDEX),National,Tier 2,Defense startups; Youth networks
DEFENSE/GOVERNMENT + CREATIVE FIELDS,244,Kargil War Museum / Memorial Director (If Available),Defense History + Public Memory + Institutional Leadership,Director of Kargil memorial/museum; defense history preservation,National,Tier 2,Museum/memorial networks
DEFENSE/GOVERNMENT + CREATIVE FIELDS,245,Defense Hospital Administrator + Holistic Health Advocate,Military Healthcare + Wellness Innovation,Defense medical officer pioneering holistic health in armed forces,National,Tier 2,Defense healthcare networks
DEFENSE/GOVERNMENT + CREATIVE FIELDS,246,Ex-Defense Attaché + International Relations Speaker,Defense Diplomacy + Strategic Communications,Former defense attaché with international diplomatic experience,National,Tier 2,International relations networks
DEFENSE/GOVERNMENT + CREATIVE FIELDS,247,Submarine/Aerospace Officer + Science Communicator,Defense Technology + STEM Education,"Ex-officer from advanced defense (submarines, aerospace) + science communicator",National,Tier 2,STEM education networks
DEFENSE/GOVERNMENT + CREATIVE FIELDS,248,Defense Welfare + Social Work Leader,Armed Forces + Social Impact + Veteran Rehabilitation,Defense welfare officer leading soldier rehabilitation + veteran transition,National,Tier 2,NGO/social networks
DEFENSE/GOVERNMENT + CREATIVE FIELDS,249,Military History Scholar + Institutional Archive Leader,Defense History Preservation + Cultural Memory,Curator of defense institutional history; public historical interpretation,National,Tier 2,History/archive networks
DEFENSE/GOVERNMENT + CREATIVE FIELDS,250,Multi-Generational Defense Family Member,Defense Legacy + Civilian Integration Story,Multi-generational defense family member in civilian role,National,Tier 3,Veteran networks
ACADEMIC-INDUSTRY BRIDGES + UNCONVENTIONAL LEADERS,251,Prof. Vijayraghvan Cheriar,Rural Engineering + Design + Entrepreneurship + Ecosystem Coaching,IIT Delhi core faculty; founder JoyIsYou & Ekam Eco; ThinkStartup teacher,Delhi,Tier 1,LinkedIn; IIT Delhi networks
ACADEMIC-INDUSTRY BRIDGES + UNCONVENTIONAL LEADERS,252,Prof. Sanjeeva Shivesh,Civil Service + Serial Entrepreneurship + Educational Leadership,ThinkStartup co-founder; ex-Civil Service; entrepreneur + MBA educator,Delhi,Tier 1,LinkedIn; ThinkStartup platform
ACADEMIC-INDUSTRY BRIDGES + UNCONVENTIONAL LEADERS,253,Prof. Pramod Khadilkar,Design Thinking + Entrepreneurship + Education Innovation,"Associate Professor, IIT Delhi Design; researcher + practitioner + educator",Delhi,Tier 1,LinkedIn; IIT Delhi networks
ACADEMIC-INDUSTRY BRIDGES + UNCONVENTIONAL LEADERS,254,Prof. Srinivasan Venkataraman,Design Research + Creative Entrepreneurship + PhD Programs,"Assistant Professor & PhD Coordinator, IIT Delhi Design",Delhi,Tier 1,LinkedIn; IIT Delhi networks
ACADEMIC-INDUSTRY BRIDGES + UNCONVENTIONAL LEADERS,255,Prof. Manan Suri,Semiconductor Research + Deep Tech Entrepreneurship,IIT Delhi professor; co-founded deep-tech semiconductor company,Delhi,Tier 1,LinkedIn; IIT Delhi + deep-tech networks
ACADEMIC-INDUSTRY BRIDGES + UNCONVENTIONAL LEADERS,256,Ujjwal Kalra,Author + Startup Founder + Business Consultant + CEO NAKAD,"""Startup Compass"" author; IIT Guwahati + IIM Ahmedabad; entrepreneur + consultant",National,Tier 1,LinkedIn; Author + startup networks
ACADEMIC-INDUSTRY BRIDGES + UNCONVENTIONAL LEADERS,257,Purnendra (PK) Kishore,IIT/IIM Alumnus + Serial Entrepreneur (4x) + Investor + Faculty,IIT-BHU + IIM Calcutta (Gold Medalist); 4x tech entrepreneur; investor; visiting faculty,National,Tier 1,LinkedIn; Multi-role networks
ACADEMIC-INDUSTRY BRIDGES + UNCONVENTIONAL LEADERS,258,Dr. Prasad Teegalapally (Mandi Prasad),IIM Mumbai + Student Startups + Entrepreneurship Faculty,IIM Mumbai Professor; Mandi program; 1000+ student entrepreneur mentees,Mumbai,Tier 1,LinkedIn; IIM networks
ACADEMIC-INDUSTRY BRIDGES + UNCONVENTIONAL LEADERS,259,Prof. Rajan (YNOS Founder),Finance Professor + Startup Founder + Ecosystem Intelligence,"IIT Madras finance researcher; YNOS founder (76,000 startups indexed)",Bangalore,Tier 1,LinkedIn; IIT Madras networks
ACADEMIC-INDUSTRY BRIDGES + UNCONVENTIONAL LEADERS,260,Prof. Rajat Agarwal,IIT Roorkee + Entrepreneurship & Incubation Head + Faculty Founder,IIT Roorkee professor; heads incubation; 18-20 faculty startups mentored,Roorkee,Tier 1,LinkedIn; IIT Roorkee networks
ACADEMIC-INDUSTRY BRIDGES + UNCONVENTIONAL LEADERS,261,Dr. Nomesh Bolia,IIT Delhi Professor + Startup Advisor + Co-Founder,IIT Bombay alum; IIT Delhi professor; logistics + supply chain advisor,Delhi,Tier 1,LinkedIn; IIT Delhi networks
ACADEMIC-INDUSTRY BRIDGES + UNCONVENTIONAL LEADERS,262,Prof. Anil Wali,IIT Delhi + Entrepreneurship Ecosystem Leadership + FITT Director,"Managing Director FITT, IIT Delhi; 20-year ecosystem leadership",Delhi,Tier 1,LinkedIn; FITT networks
ACADEMIC-INDUSTRY BRIDGES + UNCONVENTIONAL LEADERS,263,Prof. Mukesh Sud,IIT Delhi Alumnus + First-Gen Entrepreneur + PhD Holder + Visiting Faculty Ashoka,Built factories; PhD IIM Bangalore; US academic (15 years) + Indian entrepreneur (15 years),Multi-city,Tier 1,LinkedIn; Ashoka networks
ACADEMIC-INDUSTRY BRIDGES + UNCONVENTIONAL LEADERS,264,Prof. V. Ramgopal Rao,Vice-Chancellor BITS Pilani + Entrepreneur Mindset in Academia,VC BITS; architected PhD-DRIVE (deep-tech startup track); goal: 100 startups by 2030,Pilani,Tier 1,LinkedIn; BITS networks
ACADEMIC-INDUSTRY BRIDGES + UNCONVENTIONAL LEADERS,265,Dr. Nomesh Bolia (Alternative: FITT IIT Delhi Mentor Network),IIT Delhi + Startup Mentoring Infrastructure,FITT mentor platform; 30+ mentors (professors + entrepreneurs),Delhi,Tier 1,FITT platform
ACADEMIC-INDUSTRY BRIDGES + UNCONVENTIONAL LEADERS,266,Dr. Bipin Kumar,IIT Delhi + NSafe + COVID-19 Innovation + Antiviral Mask R&D,IIT Delhi professor; NSafe (India's first reusable antiviral mask) developer,Delhi,Tier 2,LinkedIn; IIT Delhi networks
ACADEMIC-INDUSTRY BRIDGES + UNCONVENTIONAL LEADERS,267,Deep Tech Faculty Founder Network (IIT/Research Institutes),Academic Researchers → Deep Tech Companies,"Pipeline of IIT professors founding deep-tech ventures (semiconductors, IoT, AI)",National,Tier 1,IIT networks; Deep-tech startup circles
ACADEMIC-INDUSTRY BRIDGES + UNCONVENTIONAL LEADERS,268,"BITS Pilani Alumni Founder Ecosystem (13 Unicorns, 7,400 Startups)",Academic Institution + Entrepreneurship Pipeline,"7,400 startups founded by BITS alumni; 13 unicorns + 1 decacorn",National,Tier 1,BITS alumni networks; Investor networks
ACADEMIC-INDUSTRY BRIDGES + UNCONVENTIONAL LEADERS,269,Arun Asaithambi,Biotech Postdoc Researcher → CEO (NASDAQ Listed) → Angel Investor,PhD + postdoc; Lantern Pharma founder (NASDAQ IPO 2020); 20+ angel investments,National,Tier 1,LinkedIn; Biotech networks; Angel investor circles
ACADEMIC-INDUSTRY BRIDGES + UNCONVENTIONAL LEADERS,270,Dr. Kiran Mazumdar Shaw,"Biocon Founder + ""Biotech Queen of India"" + Academic-Industry Bridge","Founded 1978 (garage start); $3B+ valuation; 10,000+ employees; female founder",National,Tier 1,LinkedIn; Biocon networks; Women entrepreneur
ACADEMIC-INDUSTRY BRIDGES + UNCONVENTIONAL LEADERS,271,Dr. Krishna Ella,Bharat Biotech Founder + Vaccine Innovation + Global Impact,"Founder/MD Bharat Biotech; Chikungunya, Zika, COVID-19 vaccine developer",National,Tier 1,LinkedIn; Biotech networks; Public health circles
ACADEMIC-INDUSTRY BRIDGES + UNCONVENTIONAL LEADERS,272,Ankit Agarwal,Postdoctoral Researcher → Startup CEO (Imbed Biosciences),PhD + 4 years postdoc; Kauffman Fellow; medical device company founder,National,Tier 2,Biotech startup networks
ACADEMIC-INDUSTRY BRIDGES + UNCONVENTIONAL LEADERS,273,Siddhant Goenka,Software Engineer + Indie Musician + AI Director,30-year-old engineer-musician-director; first-ever AI-generated music video; indie music circles,Kolkata,Tier 1,YouTube/Spotify; Social media active
ACADEMIC-INDUSTRY BRIDGES + UNCONVENTIONAL LEADERS,274,Sumanth Borra,Software Engineer + Independent Musician (Tollywood),"Engineer by day, Tollywood musician by night; dual career management",Hyderabad,Tier 1,LinkedIn; Music + IT communities
ACADEMIC-INDUSTRY BRIDGES + UNCONVENTIONAL LEADERS,275,Kalyan Moravineni,Engineer + Artist Manager + Music Industry Leader,Engineer → artist manager; managed A R Rahman; music industry transition,National,Tier 2,Music management networks
ACADEMIC-INDUSTRY BRIDGES + UNCONVENTIONAL LEADERS,276,Vivek Vaidya,IIT Delhi Alumnus + Serial Tech Entrepreneur + Data/AI Pioneer,"IIT Delhi (MS Math + CS); founder Parsec Technologies; co-author ""Data Driven""",National,Tier 2,Tech entrepreneur networks; Data/AI circles
ACADEMIC-INDUSTRY BRIDGES + UNCONVENTIONAL LEADERS,277,Prof. Dr. Hitendra Ghosh,"Visionary Innovator + ""Awakened Intelligence"" Philosophy","""Awakened intelligence"" philosophy; innovation + empathy + integrity integration",National,Tier 2,LinkedIn; Innovation networks
ACADEMIC-INDUSTRY BRIDGES + UNCONVENTIONAL LEADERS,278,Vedant Madhavan,Record-Breaking Swimmer + STEM Innovator,National/international athlete; sports discipline + intellectual achievement,National,Tier 2,Sports + youth innovation networks
ACADEMIC-INDUSTRY BRIDGES + UNCONVENTIONAL LEADERS,279,D. Gukesh,Chess Prodigy + Intellectual Leadership + Global Mind Sports Ambassador,World chess champion; youth influence on mental discipline + strategic thinking,National,Tier 1,Chess.com; Media appearances
ACADEMIC-INDUSTRY BRIDGES + UNCONVENTIONAL LEADERS,280,Sheetal Devi,Women's Archery + Perseverance + Sportsmanship Exemplar,Rising force in women's archery; precision + perseverance + women's sports advancement,National,Tier 1,Sports networks; Women's sports
ACADEMIC-INDUSTRY BRIDGES + UNCONVENTIONAL LEADERS,281,Aryabhata Legacy (Ancient Polymath Representation),Mathematician + Astronomer + Zero Concept Pioneer,Zero concept + pi calculation + Earth's rotation proposal (ancient India),Historical,Tier 3,Academic history references
ACADEMIC-INDUSTRY BRIDGES + UNCONVENTIONAL LEADERS,282,Sushruta Legacy (Ancient Medical Polymath),Physician + Surgeon + Complex Medical Innovation Pioneer,"""Father of surgery""; Sushruta Samhita; cataract removal, plastic surgery pioneering",Historical,Tier 3,Medical history + Ayurveda networks
ACADEMIC-INDUSTRY BRIDGES + UNCONVENTIONAL LEADERS,283,Rabindranath Tagore Legacy,Poet + Writer + Philosopher + Painter + Educator + Nobel Laureate,"Nobel Prize (Literature, 1913); Santiniketan experimental school founding; polymath ideal",Historical,Tier 3,Literature + education + philosophy
ACADEMIC-INDUSTRY BRIDGES + UNCONVENTIONAL LEADERS,284,Homi J. Bhabha,Physicist + Nuclear Program Architect + Institution Builder + Visionary,"""Father of Indian nuclear program""; TIFR founder; physics + nation-building",Historical,Tier 3,Nuclear + physics research networks
ACADEMIC-INDUSTRY BRIDGES + UNCONVENTIONAL LEADERS,285,Contemporary Polymath Researchers (Emerging Network),Multi-Disciplinary PhD Researchers Bridging Domains,Young faculty (30-40s) exemplifying researcher + founder + mentor roles; normalized multirole,National,Tier 1,University faculty networks
ACADEMIC-INDUSTRY BRIDGES + UNCONVENTIONAL LEADERS,286,Dr. Suryanarayan,Biotechnology Pioneer + 30+ Years Industry Leadership,Biotech leader; 30 years R&D president; research + commercial pharma bridge,National,Tier 2,Biotech industry networks
ACADEMIC-INDUSTRY BRIDGES + UNCONVENTIONAL LEADERS,287,PACE Program Researchers (Academic Innovation Research Scheme),Government-Funded Academic Researchers Translating to Startups,BIRAC's PACE program; academics converting research to PoC → companies,National,Tier 1,BIRAC platform; Research institutes
ACADEMIC-INDUSTRY BRIDGES + UNCONVENTIONAL LEADERS,288,FITT-IIT Delhi Mentor Network (50+ Mentors),IIT Delhi Faculty + Entrepreneur Mentors for Student Startups,FITT mentor platform; systematic academic-industry bridge for students,Delhi,Tier 1,FITT platform; IIT Delhi
ACADEMIC-INDUSTRY BRIDGES + UNCONVENTIONAL LEADERS,289,"IIT-Madras Incubation Ecosystem (240 Startups, ₹10,500 Crore Value)",India's Premier Academic Incubation Hub,"240 startups (8 years); ₹10,500 crore value; largest academic-to-startup pipeline",Madras,Tier 1,IIT-Madras networks
ACADEMIC-INDUSTRY BRIDGES + UNCONVENTIONAL LEADERS,290,Research Parks at IITs (Industry-Sponsored Labs + Academic Research),Institutional Spaces Blurring Academic & Industry Research,IIT research parks + industry labs; simultaneous university research + collaboration,National,Tier 2,IIT administration networks
ACADEMIC-INDUSTRY BRIDGES + UNCONVENTIONAL LEADERS,291,Global Innovation Index Improving India's Ranking (81→38),Policy-Driven Academic-Industry Bridge Enablement,"India's GII rank 81 (2014) → 38 (2025); 200,000 startups (vs. 300-400 in 2014)",National,Tier 1,Government innovation networks
ACADEMIC-INDUSTRY BRIDGES + UNCONVENTIONAL LEADERS,292,"Patent Filing Growth (India Now #6 Global, 50%+ Resident Filers)",Academic Researchers Entering Patent + Commercialization Ecosystems,50%+ patents by Indian residents; growing academic entrepreneur participation,National,Tier 2,Patent + IP networks
ACADEMIC-INDUSTRY BRIDGES + UNCONVENTIONAL LEADERS,293,Vedic Mathematics + Coding Educators,Ancient Algorithm Teachers Bridging Sanskrit + Modern Programming,Sanskrit algorithms + NLP; Vedic mathematics + neural networks teaching,Educational networks,Tier 2,STEM education networks
ACADEMIC-INDUSTRY BRIDGES + UNCONVENTIONAL LEADERS,294,BITS PhD-DRIVE Program Leadership,PhD Program Reimagined as Startup Incubator,Prof. V. Ramgopal Rao; PhD → startup track; goal: 100 deep-tech startups by 2030,Pilani,Tier 1,BITS networks; Deep-tech circles
ACADEMIC-INDUSTRY BRIDGES + UNCONVENTIONAL LEADERS,295,Speciale Invest + BITS Partnership,Deep Tech VC Backing PhD Entrepreneurs,Speciale Invest (deep-tech VC); partnering with BITS on PhD startup funding,National,Tier 1,VC networks; Deep-tech startups
ACADEMIC-INDUSTRY BRIDGES + UNCONVENTIONAL LEADERS,296,"Academia-Industry Policy Initiatives (Professors of Practice, IEDS)",Government-Backed Institutional Bridges,"""Professors of Practice""; Innovation & Entrepreneurship Development Centers (IEDCs)",National,Tier 1,Higher ed policy networks
ACADEMIC-INDUSTRY BRIDGES + UNCONVENTIONAL LEADERS,297,National Education Policy 2020 (NEP) Implementation,Policy Foundation for Academic-Industry Bridging,NEP 2020 mandates industry-relevant curriculum + research partnerships,National,Tier 1,Education ministry networks
ACADEMIC-INDUSTRY BRIDGES + UNCONVENTIONAL LEADERS,298,"Interdisciplinary PhD Research (Physics + Philosophy, Biology + Design)",Emerging Generation of Cross-Disciplinary Researchers,Growing PhD cohorts across traditional boundaries; new academic culture of polymathy,National,Tier 1,University PhD networks
ACADEMIC-INDUSTRY BRIDGES + UNCONVENTIONAL LEADERS,299,Cross-Cultural Polymath Scientists (India + Global Integration),Indian Scientists Returning from Global Academia + Industry,Silicon Valley/MIT-trained scientists now founding deep-tech ventures in India,National,Tier 1,Global-India tech circles
ACADEMIC-INDUSTRY BRIDGES + UNCONVENTIONAL LEADERS,300,Future-Ready Academic Entrepreneur (Emerging Voice),Next Generation Professor-Founder-Mentor,Young faculty (30-40s) exemplifying researcher + founder + mentor simultaneously; normalized,National,Tier 1,University + startup networks
